,City,Country,Date,Latitude,Longitude,Max Temp (F),Humidity (%),Cloudiness (%),Wind Speed (mph)
0,hokitika,RU,1612650287,67.4667,78.7,-26.7,86,65,9.66
1,hokitika,ID,1612650288,-5.3166,119.3661,71.6,100,20,2.3
2,hokitika,RU,1612650288,69.3833,178.4167,-12.08,75,32,6.08
3,hokitika,JP,1612650288,33.7333,135.9833,43.39,79,0,7.07
4,hokitika,ID,1612650288,-0.9492,100.3543,71.6,94,20,1.14
5,hokitika,NG,1612650289,5.9667,8.7063,74.84,72,0,2.01
6,hokitika,US,1612650008,42.6001,-73.9662,35.6,40,20,13.8
7,hokitika,AO,1612650289,-9.6608,20.3916,67.08,97,100,2.66
8,hokitika,CN,1612650290,30.9866,103.9393,50.0,1,0,3.83
9,hokitika,AU,1612650236,-42.7826,147.0587,64.0,63,65,1.99
10,hokitika,US,1612650134,33.4151,-111.5496,71.01,14,1,5.75
11,hokitika,ZA,1612650255,-33.9258,18.4232,72.0,83,20,9.22
12,hokitika,RU,1612650291,50.6789,156.125,21.51,93,100,14.61
13,hokitika,UY,1612650236,-33.6971,-53.4616,73.42,68,0,10.4
14,hokitika,CL,1612650252,-53.15,-70.9167,57.2,51,75,24.16
15,hokitika,TO,1612650292,-21.2,-175.2,82.4,89,75,6.91
16,hokitika,RU,1612650292,57.8338,50.0588,-5.62,90,100,10.58
17,hokitika,ZA,1612650293,-34.5322,20.0403,69.8,73,75,6.91
18,hokitika,RU,1612650293,53.0452,158.6483,26.6,59,40,22.37
19,hokitika,CV,1612650293,14.8961,-24.4956,70.38,72,50,17.16
20,hokitika,CA,1612650293,69.4541,-133.0374,-16.6,83,90,24.16
21,hokitika,EC,1612650294,-0.7393,-90.3518,86.0,62,0,16.11
22,hokitika,US,1612650172,64.8378,-147.7164,-6.0,77,90,1.25
23,hokitika,RU,1612650294,42.9019,133.9064,14.34,87,42,9.78
24,hokitika,PF,1612650295,-16.4833,-151.75,82.04,67,2,10.71
25,hokitika,ID,1612650295,4.1363,96.1285,75.81,93,80,5.97
26,hokitika,US,1612650295,40.5982,-124.1573,55.0,87,1,13.8
27,hokitika,US,1612650295,22.0752,-159.319,73.99,49,20,6.91
28,hokitika,MX,1612650192,22.8909,-109.9124,78.8,60,1,11.5
29,hokitika,MV,1612650296,-0.6,73.0833,81.45,76,44,11.63
30,hokitika,ZA,1612650296,-33.918,25.5701,68.0,83,40,9.22
31,hokitika,AR,1612650191,-54.8,-68.3,53.6,71,40,19.57
32,hokitika,AR,1612650034,-34.6177,-68.3301,90.1,20,0,11.43
33,hokitika,VE,1612650297,7.7669,-72.225,86.0,58,40,9.22
34,hokitika,RU,1612650297,54.7167,158.6167,11.07,95,100,5.17
35,hokitika,AU,1612650298,-25.2986,152.8535,82.4,61,5,10.36
36,hokitika,CL,1612650176,-37.6167,-73.65,61.54,84,51,6.15
37,hokitika,US,1612650163,42.097,-79.2353,21.2,45,1,10.36
38,hokitika,PG,1612650299,-5.5502,150.1429,80.02,85,95,1.7
39,hokitika,RU,1612650299,58.7525,42.6825,-5.19,90,100,10.71
40,hokitika,MZ,1612650299,-15.1165,39.2666,75.2,88,75,3.44
41,hokitika,MU,1612650300,-20.3428,57.7575,78.8,78,40,4.61
42,hokitika,CA,1612650300,49.2333,-102.1676,-14.01,70,2,5.01
43,hokitika,PG,1612650300,-2.0226,147.2712,82.92,74,97,2.59
44,hokitika,IN,1612650301,10.5669,72.642,81.16,60,3,8.77
45,hokitika,NZ,1612650301,-35.6167,174.5,70.0,69,98,5.99
46,hokitika,RU,1612650302,55.6305,34.2842,-5.06,91,95,8.63
47,hokitika,US,1612650302,57.0531,-135.33,35.6,69,40,14.97
48,hokitika,KI,1612650302,3.0707,172.7902,81.25,80,100,21.36
49,hokitika,RU,1612650302,54.7183,135.315,-10.8,81,100,14.52
50,hokitika,RU,1612650303,59.7035,30.7861,8.01,85,40,11.18
51,hokitika,AU,1612650303,-42.8794,147.3294,64.0,59,75,12.66
52,hokitika,GL,1612650303,65.6145,-37.6368,35.6,55,75,29.93
53,hokitika,ID,1612650303,-0.8667,134.0833,77.77,85,100,4.5
54,hokitika,RU,1612650178,71.9667,102.5,-36.06,78,0,7.54
55,hokitika,ZA,1612650304,-34.0033,24.7314,66.99,82,2,1.99
56,hokitika,CN,1612650304,41.7597,86.1469,26.2,85,0,3.22
57,hokitika,BW,1612650304,-22.3833,26.7167,66.78,95,99,10.22
58,hokitika,US,1612650305,19.7297,-155.09,80.6,44,1,6.91
59,hokitika,CN,1612650305,38.9342,100.4517,25.56,70,0,1.95
60,hokitika,CN,1612650305,22.2769,113.5678,66.0,88,0,2.3
61,hokitika,AU,1612650183,-35.1167,147.3667,71.01,72,0,1.14
62,hokitika,AU,1612650236,-24.8667,113.6333,78.8,100,40,12.66
63,hokitika,CK,1612650306,-21.2078,-159.775,84.2,74,60,12.66
64,hokitika,ZA,1612650173,-34.4187,19.2345,66.99,90,84,3.65
65,hokitika,RU,1612650307,56.9514,90.6661,23.4,97,98,9.46
66,hokitika,CA,1612650175,47.6666,-52.7314,39.99,100,90,21.85
67,hokitika,TR,1612650307,39.0197,31.15,48.42,50,0,7.72
68,hokitika,TL,1612650308,-8.9266,125.4092,60.48,100,92,2.24
69,hokitika,CN,1612650308,45.8495,123.2973,-1.95,86,0,6.93
70,hokitika,RE,1612650308,-21.3667,55.6167,78.8,83,40,4.61
71,hokitika,RU,1612650308,70.6333,147.9167,-22.2,87,42,4.99
72,hokitika,MY,1612650309,4.6374,103.4368,73.0,100,76,6.85
73,hokitika,NZ,1612650237,-46.6,168.3333,59.63,69,2,1.77
74,hokitika,SE,1612650309,57.6409,18.296,24.8,74,90,4.61
75,hokitika,RU,1612650309,63.1906,64.4162,-17.28,88,100,14.7
76,hokitika,CM,1612650310,12.0769,15.0306,73.4,18,16,9.22
77,hokitika,RU,1612650069,67.6803,53.1512,-27.63,85,94,11.65
78,hokitika,IE,1612650310,52.3492,-7.4131,39.99,87,9,1.99
79,hokitika,AU,1612650310,-33.65,115.3333,57.99,97,100,3.0
80,hokitika,US,1612650311,34.8014,-106.5436,55.0,14,1,8.05
81,hokitika,PF,1612650311,-23.1203,-134.9692,78.19,70,100,9.95
82,hokitika,ZM,1612650311,-14.97,22.6814,71.35,78,92,0.36
83,hokitika,RU,1612650311,49.9358,40.545,15.55,85,100,13.87
84,hokitika,ZA,1612650312,-33.5906,26.891,68.0,91,58,5.01
85,hokitika,SJ,1612650312,78.2186,15.6401,19.4,73,75,8.05
86,hokitika,JP,1612650064,35.7333,140.8333,35.6,80,0,4.61
87,hokitika,US,1612650124,37.3394,-121.895,71.01,24,1,11.5
88,hokitika,PF,1612650176,-9.8,-139.0333,80.35,77,100,20.36
89,hokitika,JP,1612650313,26.1247,127.6694,66.2,82,20,4.61
90,hokitika,US,1612650313,36.6177,-121.9166,70.0,67,1,8.01
91,hokitika,RE,1612650314,-21.3585,55.7679,78.8,83,40,4.61
92,hokitika,ZW,1612650314,-20.15,28.5833,65.8,92,100,9.48
93,hokitika,SB,1612650314,-9.4333,159.95,77.99,88,100,10.09
94,hokitika,US,1612650305,29.4241,-98.4936,77.0,19,1,23.02
95,hokitika,MU,1612650315,-20.5167,57.5167,78.8,78,40,4.61
96,hokitika,PG,1612650315,-3.5534,143.6268,77.77,86,95,6.87
97,hokitika,RU,1612650315,71.6872,128.8694,-26.95,85,100,5.08
98,hokitika,US,1612650316,71.2906,-156.7887,-5.8,77,75,10.36
99,hokitika,JP,1612650316,35.1333,140.3,42.8,65,0,5.75
100,hokitika,PG,1612650316,-2.5744,150.7967,82.72,70,61,2.57
101,hokitika,RU,1612650317,64.75,177.4833,-7.01,84,12,6.71
102,hokitika,SA,1612650131,26.326,43.975,50.0,100,75,5.75
103,hokitika,NA,1612650317,-17.9333,19.7667,70.74,86,100,4.21
104,hokitika,NO,1612650317,70.3705,31.1107,27.27,95,100,27.98
105,hokitika,BR,1612650318,-9.6658,-35.7353,78.8,83,0,11.5
106,hokitika,NZ,1612650318,-46.1927,168.8643,69.58,59,2,1.99
107,hokitika,LY,1612650318,29.0331,21.5482,60.62,38,0,8.37
108,hokitika,BR,1612650319,-17.3147,-53.2153,74.57,79,15,8.25
109,hokitika,US,1612650319,20.8947,-156.47,75.2,53,20,11.5
110,hokitika,KZ,1612650319,45.3167,55.2,30.42,83,84,10.33
111,hokitika,PE,1612650320,-13.7,-76.2167,75.2,73,75,5.75
112,hokitika,ID,1612650320,-0.9131,122.8766,76.93,76,100,2.59
113,hokitika,US,1612650320,32.3502,-85.1999,42.8,87,90,6.91
114,hokitika,GL,1612650321,77.484,-69.3632,10.65,87,99,7.63
115,hokitika,RU,1612650245,69.7008,170.3133,-4.92,87,73,5.7
116,hokitika,US,1612650321,45.5113,-92.9802,-4.0,50,1,10.36
117,hokitika,BR,1612650321,-24.7911,-50.0119,65.16,61,0,3.22
118,hokitika,PF,1612650322,-16.5167,-151.75,82.04,67,2,10.8
119,hokitika,RU,1612650322,51.6828,102.1408,6.39,79,86,2.42
120,hokitika,AU,1612650322,-20.7333,139.5,75.2,100,90,5.75
121,hokitika,CA,1612650322,51.226,-58.6502,32.76,96,100,23.85
122,hokitika,BR,1612650315,-20.3297,-40.2925,80.6,78,20,3.44
123,hokitika,CA,1612650323,70.4692,-68.5914,-13.0,84,1,2.3
124,hokitika,BB,1612650323,13.2167,-59.5167,78.8,69,20,18.41
125,hokitika,NE,1612650324,13.5137,2.1098,78.8,15,76,2.3
126,hokitika,BR,1612650149,-6.9811,-34.8339,80.6,78,20,5.75
127,hokitika,MU,1612650175,-20.4081,57.7,78.8,78,40,4.61
128,hokitika,CM,1612650324,10.7398,13.8019,65.82,27,1,4.23
129,hokitika,BR,1612650326,-30.1811,-50.2056,72.66,74,14,5.91
130,hokitika,RU,1612650326,58.0006,102.6619,10.9,95,100,6.55
131,hokitika,IS,1612650326,63.8424,-22.4338,32.0,74,0,18.41
132,hokitika,CA,1612650327,68.2191,-135.0107,-20.2,76,90,3.44
133,hokitika,CD,1612650327,1.2391,23.616,75.43,58,4,2.75
134,hokitika,US,1612650327,21.3156,-158.0072,77.0,50,40,12.66
135,hokitika,RU,1612650328,61.0749,50.1031,-6.07,89,100,11.61
136,hokitika,AR,1612650328,-38.0023,-57.5575,66.99,68,20,12.66
137,hokitika,PT,1612650329,32.6667,-17.1,54.0,67,10,1.01
138,hokitika,RU,1612650329,51.9333,116.6333,-16.53,84,54,1.21
139,hokitika,IN,1612650329,17.7167,73.3833,69.57,32,48,3.62
140,hokitika,US,1612650329,21.3906,-158.1547,77.0,50,40,12.66
141,hokitika,BR,1612650330,-7.4706,-34.8086,80.6,78,20,5.75
142,hokitika,BO,1612650330,-17.8,-63.1667,86.0,48,20,2.3
143,hokitika,US,1612650316,34.6182,-79.0086,50.0,49,90,4.61
144,hokitika,MZ,1612650331,-23.865,35.3833,77.2,87,97,7.67
145,hokitika,ZA,1612650331,-33.0117,17.9442,66.2,82,2,8.05
146,hokitika,BR,1612650331,-5.1989,-35.4608,78.8,78,40,4.61
147,hokitika,IS,1612650332,65.0757,-22.7297,27.16,89,44,10.13
148,hokitika,PH,1612650333,12.1791,125.5072,80.37,85,91,15.93
149,hokitika,BR,1612650333,-12.7406,-60.1458,77.0,88,40,4.61
150,hokitika,DO,1612650334,19.7667,-70.5167,80.6,74,20,11.5
151,hokitika,AU,1612650334,-23.3833,150.5,82.4,65,60,3.44
152,hokitika,CL,1612650334,-35.3333,-72.4167,63.37,74,21,5.17
153,hokitika,RU,1612650334,63.2842,118.3319,-32.69,84,17,2.01
154,hokitika,SN,1612650335,14.905,-12.4568,76.55,19,100,9.75
155,hokitika,UA,1612650335,51.7688,32.2481,3.38,92,43,8.23
156,hokitika,CN,1612650335,40.2833,97.2,27.48,69,96,1.95
157,hokitika,ZA,1612650173,-33.0153,27.9116,74.71,87,8,2.46
158,hokitika,CA,1612650336,53.4001,-117.5857,1.4,55,100,13.8
159,hokitika,NO,1612650336,70.8578,29.0864,26.64,93,100,25.39
160,hokitika,RU,1612650336,55.5195,83.5094,25.2,97,93,10.71
161,hokitika,PT,1612650337,38.7333,-27.0667,60.8,82,40,12.62
162,hokitika,ML,1612650337,14.7328,-6.1219,80.67,15,100,11.25
163,hokitika,SE,1612650176,63.1792,14.6357,12.2,92,40,2.3
164,hokitika,SL,1612650337,7.4661,-11.2375,76.41,72,99,3.69
165,hokitika,CA,1612650338,62.456,-114.3525,-34.01,61,1,4.61
166,hokitika,AR,1612650338,-40.8135,-62.9967,69.01,58,25,1.01
167,hokitika,GB,1612650338,57.6638,-4.34,35.01,80,75,10.36
168,hokitika,PT,1612650339,39.05,-27.9833,60.37,87,100,24.43
169,hokitika,AU,1612650339,-34.7333,135.8667,61.75,73,71,12.41
170,hokitika,CL,1612650339,-29.9533,-71.3436,64.4,68,0,13.8
171,hokitika,NZ,1612650340,-35.1,173.7833,70.0,69,100,5.99
172,hokitika,MX,1612650340,18.7333,-103.6833,80.6,57,1,6.82
173,hokitika,US,1612650340,33.194,-82.5271,44.6,81,90,4.61
174,hokitika,IN,1612650341,11.93,79.83,70.23,83,0,9.24
175,hokitika,RU,1612650341,56.0498,97.6348,18.52,95,99,4.83
176,hokitika,RU,1612650341,56.2389,43.4631,-5.01,77,75,11.18
177,hokitika,MY,1612650298,5.4112,100.3354,80.01,83,20,6.26
178,hokitika,ID,1612650342,-6.2641,107.0712,80.01,100,75,3.44
179,hokitika,CA,1612650342,60.7522,-137.5108,-7.6,54,92,2.3
180,hokitika,RU,1612650342,68.75,161.3,-8.3,80,0,5.39
181,hokitika,AO,1612650343,-15.1961,12.1522,71.58,78,23,9.42
182,hokitika,US,1612650174,57.79,-152.4072,37.4,60,20,3.44
183,hokitika,BD,1612650343,20.8624,92.3058,61.77,62,0,6.71
184,hokitika,MX,1612650344,21.2833,-89.6667,95.0,33,20,6.91
185,hokitika,IT,1612650344,42.8548,13.5749,48.99,92,38,3.78
186,hokitika,IN,1612650345,21.1167,70.1167,65.59,35,0,11.81
187,hokitika,GP,1612650345,16.3332,-61.3473,75.2,88,75,3.44
188,hokitika,GT,1612650345,15.8,-91.75,82.4,21,0,6.91
189,hokitika,PG,1612650346,-6.2167,149.55,82.22,78,52,10.0
190,hokitika,CA,1612650346,54.1169,-112.4686,-11.2,58,88,4.61
191,hokitika,EE,1612650347,59.4236,27.5025,14.92,91,84,10.56
192,hokitika,PF,1612650347,-17.5333,-149.3333,84.2,58,20,12.66
193,hokitika,US,1612650348,40.6576,-73.5832,42.01,45,75,16.11
194,hokitika,US,1612650348,46.875,-96.9004,-7.01,59,40,17.27
195,hokitika,MV,1612650348,3.7833,72.9667,80.67,77,28,11.25
196,hokitika,GL,1612650348,72.7868,-56.1549,20.08,78,97,3.89
197,hokitika,MX,1612650349,21.2311,-86.731,82.4,78,40,13.8
198,hokitika,NZ,1612650349,-45.4167,167.7167,65.62,53,5,2.57
199,hokitika,MR,1612650350,20.931,-17.0347,62.6,72,0,17.27
200,hokitika,RU,1612650350,50.2814,113.2867,-6.48,86,64,4.14
201,hokitika,BR,1612650350,-15.8631,-38.8828,78.8,78,40,11.5
202,hokitika,QA,1612650351,25.2867,51.5333,70.0,83,0,12.66
203,hokitika,MX,1612650351,30.4833,-115.95,65.12,58,0,10.89
204,hokitika,AU,1612650351,-25.2406,130.9889,75.2,33,0,10.36
205,hokitika,ZM,1612650352,-9.7915,29.0791,64.92,96,100,6.11
206,hokitika,CN,1612650352,31.7667,104.7167,47.3,66,46,3.69
207,hokitika,MX,1612650353,17.9583,-102.2,81.41,61,0,7.85
208,hokitika,AR,1612650353,-34.6534,-58.6198,91.0,32,0,1.52
209,hokitika,CA,1612650353,63.7506,-68.5145,26.6,80,90,21.85
210,hokitika,JP,1612650354,43.3236,145.575,24.22,96,100,14.83
211,hokitika,CN,1612650354,43.5008,124.8198,-1.32,91,87,0.83
212,hokitika,GB,1612650354,57.4667,-1.7833,35.6,60,90,12.66
213,hokitika,US,1612650089,61.2181,-149.9003,16.0,85,90,5.75
214,hokitika,RU,1612650355,56.2875,70.4555,31.75,98,100,18.37
215,hokitika,RU,1612650355,46.4856,135.8833,-13.76,90,100,2.55
216,hokitika,AU,1612650355,-14.4667,132.2667,75.2,94,75,8.05
217,hokitika,RU,1612650356,61.15,149.6333,-13.25,85,95,5.19
218,hokitika,FI,1612650356,64.808,25.9931,8.6,92,0,9.22
219,hokitika,CA,1612650356,50.2334,-63.5986,30.2,100,90,8.05
220,hokitika,US,1612650356,42.0411,-87.6901,12.99,79,90,6.91
221,hokitika,ID,1612650357,1.3038,124.9112,75.2,100,40,1.41
222,hokitika,MV,1612650357,2.6708,72.8944,80.89,77,36,12.73
223,hokitika,CL,1612650357,-38.65,-72.2333,69.8,73,20,9.22
224,hokitika,GH,1612650358,4.8845,-1.7554,80.01,88,0,9.1
225,hokitika,RU,1612650358,55.7613,52.0649,-2.2,84,100,17.9
226,hokitika,LY,1612650358,31.7561,25.0865,61.45,60,25,6.02
227,hokitika,US,1612650153,37.2001,-94.3502,30.2,80,90,13.8
228,hokitika,CA,1612650359,50.6996,-127.4199,44.6,75,75,12.66
229,hokitika,PT,1612650360,33.0833,-16.3333,59.0,58,20,18.41
230,hokitika,NZ,1612650360,-46.1333,167.6833,67.35,56,0,1.86
231,hokitika,PE,1612650360,-11.0964,-77.6139,73.65,70,83,9.48
232,hokitika,CN,1612650360,38.0751,112.6595,23.0,50,0,4.47
233,hokitika,AO,1612650361,-11.2061,13.8437,75.88,84,77,7.34
234,hokitika,RU,1612650361,73.5069,80.5464,-28.37,86,90,9.98
235,hokitika,IT,1612650361,41.8431,12.8105,68.0,28,0,16.11
236,hokitika,RU,1612650362,50.9276,84.761,16.65,91,5,6.49
237,hokitika,PH,1612650362,7.9986,124.2928,72.0,90,100,5.01
238,hokitika,CN,1612650363,29.3848,104.0286,52.16,66,82,2.21
239,hokitika,KR,1612650281,37.5683,126.9778,35.6,100,90,6.91
240,hokitika,IN,1612650363,27.9167,96.1667,58.91,34,60,3.94
241,hokitika,RU,1612650364,57.3431,83.9261,31.8,98,100,12.26
242,hokitika,CN,1612650364,42.8,93.45,30.81,78,9,6.76
243,hokitika,ID,1612650364,-6.8844,112.2051,77.23,87,33,8.01
244,hokitika,ID,1612650364,-2.8833,108.2667,79.21,82,84,11.97
245,hokitika,US,1612650365,41.8666,-103.6672,14.0,73,90,18.41
246,hokitika,CD,1612650365,-7.5667,24.1833,66.87,96,100,2.46
247,hokitika,IN,1612650365,27.8667,78.2667,50.65,65,0,8.68
248,hokitika,ID,1612650171,-8.4667,140.3333,80.37,83,100,13.51
249,hokitika,ML,1612650366,22.6783,-3.9836,63.91,28,53,10.56
250,hokitika,AU,1612650293,-15.7667,128.7333,78.8,100,100,3.44
251,hokitika,US,1612650367,36.2946,-76.2511,46.99,53,1,3.44
252,hokitika,CA,1612650367,66.1451,-65.7125,23.29,80,78,2.53
253,hokitika,MN,1612650368,45.7625,106.2708,4.66,87,0,9.19
254,hokitika,NA,1612650368,-23.3167,17.0833,75.81,21,10,2.51
255,hokitika,IT,1612650368,41.7839,15.4437,46.4,100,13,6.91
256,hokitika,FO,1612650355,62.2266,-6.589,33.8,60,75,21.85
257,hokitika,US,1612650369,38.3645,-98.7648,21.2,73,90,18.41
258,hokitika,RU,1612650369,64.3833,-173.3,0.88,89,39,5.91
259,hokitika,IN,1612650369,24.9333,73.8167,51.17,44,0,3.6
260,hokitika,PT,1612650370,40.1629,-8.3327,52.0,80,49,1.01
261,hokitika,ZW,1612650370,-20.3267,30.0665,68.74,95,76,5.41
262,hokitika,ID,1612650370,-3.8004,102.2655,76.41,73,100,5.23
263,hokitika,RU,1612650371,54.3708,92.1358,14.05,95,88,3.65
264,hokitika,HT,1612650371,18.2342,-72.5347,89.6,43,20,16.11
265,hokitika,GF,1612650372,5.3833,-52.95,77.7,86,100,14.92
266,hokitika,SD,1612650372,13.6017,26.6876,60.4,33,0,13.58
267,hokitika,JP,1612650372,35.7,138.7333,37.4,70,1,2.44
268,hokitika,MX,1612650372,16.5167,-98.75,83.77,58,17,10.36
269,hokitika,PT,1612650373,37.7167,-25.4333,60.01,94,75,16.11
270,hokitika,PT,1612650359,38.5167,-28.7,60.8,94,75,18.41
271,hokitika,US,1612650373,37.1041,-113.5841,61.0,21,1,5.75
272,hokitika,NZ,1612650374,-46.2817,169.8464,63.81,67,1,4.83
273,hokitika,MG,1612650305,-20.2833,44.2833,80.89,80,98,3.89
274,hokitika,AU,1612650374,-33.8667,121.9,59.0,94,90,11.5
275,hokitika,MG,1612650375,-20.55,46.8,64.08,89,100,2.91
276,hokitika,BR,1612650375,-23.1606,-49.9694,72.5,68,6,1.1
277,hokitika,RU,1612650375,60.8953,131.9608,-28.44,82,100,1.21
278,hokitika,MV,1612650375,6.6221,73.07,80.91,75,1,8.48
279,hokitika,AU,1612650376,-23.1333,150.7333,82.4,65,74,3.44
280,hokitika,BR,1612650376,-22.9661,-42.0278,71.6,94,75,3.44
281,hokitika,TC,1612650376,21.4612,-71.1419,78.8,73,40,17.27
282,hokitika,NZ,1612650101,-38.6533,178.0042,66.0,68,99,3.0
283,hokitika,SV,1612650377,13.8138,-89.2306,82.4,61,20,9.22
284,hokitika,TZ,1612650378,-4.9,35.7833,63.9,94,100,3.18
285,hokitika,CA,1612650378,55.7435,-97.8558,-25.6,62,75,14.97
286,hokitika,CO,1612650378,10.9878,-74.9547,86.0,66,0,12.66
287,hokitika,US,1612650378,45.0205,-93.218,-0.4,50,40,12.66
288,hokitika,AU,1612650378,-20.7377,116.8463,77.29,68,18,9.01
289,hokitika,TZ,1612650379,-7.25,35.0667,67.03,94,81,4.09
290,hokitika,CA,1612650379,53.8251,-101.2541,-20.2,57,1,18.41
291,hokitika,RU,1612650380,65.8522,44.24,-13.97,89,87,6.98
292,hokitika,ID,1612650380,1.1667,108.9667,76.75,89,97,4.0
293,hokitika,ID,1612650380,-2.6833,111.6167,74.3,98,94,2.66
294,hokitika,TG,1612650380,8.9833,1.1333,86.0,28,40,0.11
295,hokitika,CL,1612650381,-41.8697,-73.8203,73.4,46,0,8.05
296,hokitika,IN,1612650381,23.25,82.55,50.13,57,0,6.44
297,hokitika,ID,1612650382,-10.1667,123.5833,77.0,100,20,5.75
298,hokitika,US,1612650382,30.2169,-90.9001,55.4,88,90,5.75
299,hokitika,BR,1612650382,-2.8856,-40.12,79.54,78,49,12.55
300,hokitika,GL,1612650383,61.994,-49.6678,21.24,80,0,9.13
301,hokitika,RU,1612650383,52.2667,79.1667,28.49,92,65,21.99
302,hokitika,US,1612650295,55.3422,-131.6461,39.2,93,75,8.05
303,hokitika,PF,1612650383,-17.7333,-149.15,84.2,58,20,12.66
304,hokitika,GB,1612650384,60.3964,-1.353,33.8,55,90,17.27
305,hokitika,AO,1612650384,-6.1349,12.3689,80.13,85,97,8.32
306,hokitika,RU,1612650384,69.4865,88.3972,-29.06,73,0,2.51
307,hokitika,RU,1612650384,62.0025,132.4325,-32.96,82,100,2.21
308,hokitika,GD,1612650385,12.0564,-61.7485,80.6,69,20,17.27
309,hokitika,GL,1612650249,60.1432,-45.2371,21.72,80,10,9.48
310,hokitika,BS,1612650165,26.5412,-77.0636,76.1,79,0,17.6
311,hokitika,AU,1612650386,-17.0,145.4333,82.4,83,90,8.05
312,hokitika,VU,1612650387,-16.0999,167.4164,82.54,68,5,2.44
313,hokitika,US,1612650387,38.8876,-76.5119,48.99,37,1,4.61
314,hokitika,UA,1612650387,49.0372,23.5135,25.0,76,100,5.99
315,hokitika,ZM,1612650387,-11.3649,29.5565,68.85,90,100,5.32
316,hokitika,NG,1612650388,8.9333,8.6,76.91,19,0,4.81
317,hokitika,BY,1612650388,52.0495,29.2456,6.53,92,83,5.86
318,hokitika,RU,1612650388,52.7,115.1667,-13.56,84,90,1.54
319,hokitika,TR,1612650389,40.7353,34.4739,46.22,57,0,4.0
320,hokitika,CL,1612650389,-45.5752,-72.0662,78.8,22,20,8.05
321,hokitika,SN,1612650389,16.3333,-15.0,71.6,49,0,2.3
322,hokitika,GH,1612650390,4.8699,-2.2405,79.97,88,0,8.01
323,hokitika,CA,1612650391,54.2331,-125.7533,19.4,79,100,8.05
324,hokitika,CA,1612650189,54.1502,-115.6855,-7.6,59,40,10.36
325,hokitika,RU,1612650392,57.8406,108.3492,5.92,93,100,5.19
326,hokitika,MX,1612650392,19.9333,-105.25,83.01,52,19,9.24
327,hokitika,NZ,1612650393,-35.1667,173.1667,69.44,62,93,5.86
328,hokitika,US,1612650098,28.7086,-81.2081,72.0,83,75,10.36
329,hokitika,JP,1612650393,34.6667,138.95,48.87,57,0,12.08
330,hokitika,LR,1612650394,4.375,-7.7169,79.56,86,22,9.26
331,hokitika,MG,1612650394,-25.1667,45.05,75.31,92,6,5.17
332,hokitika,DO,1612650312,18.2833,-70.3333,86.0,62,20,17.27
333,hokitika,US,1612650394,44.0625,-103.1463,3.2,72,90,5.75
334,hokitika,NO,1612650396,70.6345,29.7185,25.36,94,100,24.16
335,hokitika,RU,1612650396,66.8333,70.8333,-31.16,84,100,14.07
336,hokitika,PG,1612650396,-10.6167,150.6667,83.32,75,94,5.79
337,hokitika,RU,1612650238,65.5833,-171.0,-7.69,79,0,3.67
338,hokitika,RU,1612650397,54.4678,37.3428,-0.4,78,90,13.42
339,hokitika,MU,1612650354,-19.9842,57.6142,77.0,85,3,3.0
340,hokitika,RU,1612650398,52.6897,47.1405,-2.78,90,88,11.12
341,hokitika,ID,1612650398,-9.6567,120.2641,77.38,79,55,5.82
342,hokitika,US,1612650398,39.6478,-104.9878,46.99,22,75,4.61
343,hokitika,BR,1612650398,-2.9248,-39.9167,79.72,79,21,12.12
344,hokitika,BF,1612650399,11.6636,-1.0731,81.21,19,74,4.47
345,hokitika,CO,1612650399,10.9184,-74.7646,86.0,66,0,12.66
346,hokitika,NZ,1612650237,-45.75,170.5667,64.0,82,12,24.0
347,hokitika,PE,1612650227,-12.0432,-77.0282,73.0,78,75,8.05
348,hokitika,GL,1612650400,69.2167,-51.1,24.8,39,11,21.85
349,hokitika,AO,1612650400,-7.6087,15.0613,67.96,93,100,0.54
350,hokitika,US,1612650192,46.0646,-118.343,53.01,57,90,25.32
351,hokitika,ZA,1612650401,-28.783,32.0377,73.38,87,96,7.25
352,hokitika,US,1612650401,30.7621,-86.5705,48.2,93,90,4.61
353,hokitika,CA,1612650401,49.1168,-68.399,24.8,63,40,13.8
354,hokitika,US,1612650402,35.6127,-77.3663,50.0,43,1,3.44
355,hokitika,TJ,1612650402,39.4952,67.6093,50.0,66,75,4.61
356,hokitika,PH,1612650402,10.9995,122.6711,74.5,91,92,7.78
357,hokitika,TZ,1612650403,-5.0559,39.7294,78.31,83,44,6.13
358,hokitika,RU,1612650403,63.7898,74.523,1.76,94,100,16.69
359,hokitika,TJ,1612650403,38.5144,68.2333,51.8,37,90,6.71
360,hokitika,US,1612650140,34.6391,-120.4579,71.01,42,1,13.8
361,hokitika,LK,1612650404,5.9485,80.5353,74.28,88,99,8.14
362,hokitika,SD,1612650404,12.35,29.25,59.63,33,0,11.39
363,hokitika,CO,1612650404,5.7125,-77.2708,81.77,75,100,5.95
364,hokitika,CA,1612650405,49.8496,-124.5361,42.8,93,75,5.75
365,hokitika,MX,1612650283,15.85,-97.0667,84.2,70,40,11.5
366,hokitika,CN,1612650405,42.2683,118.9636,3.81,88,38,4.32
367,hokitika,TM,1612650406,38.4362,57.4316,50.4,70,100,9.95
368,hokitika,RU,1612650406,58.4324,58.2562,3.58,93,100,3.74
369,hokitika,CA,1612650406,65.282,-126.8329,-29.2,75,75,4.61
370,hokitika,PH,1612650407,16.2923,119.8062,77.34,79,27,9.4
371,hokitika,PE,1612650407,-10.0681,-78.1522,74.08,69,70,10.85
372,hokitika,IR,1612650407,35.8668,47.6051,37.49,99,100,1.92
373,hokitika,CA,1612650390,45.8168,-77.1162,19.99,79,20,6.91
374,hokitika,PE,1612650408,-16.6228,-72.7111,73.13,73,99,4.79
375,hokitika,US,1612650217,37.4636,-122.4286,66.2,77,1,16.11
376,hokitika,GB,1612650408,55.8713,-2.0901,35.01,90,100,1.01
377,hokitika,EG,1612650408,24.0934,32.907,59.25,47,0,5.84
378,hokitika,GB,1612650409,60.1545,-1.1494,33.8,55,90,17.27
379,hokitika,PE,1612650409,-7.8447,-79.1469,69.8,88,90,9.22
380,hokitika,CA,1612650409,50.1001,-108.4847,-11.2,70,20,8.05
381,hokitika,AU,1612650410,-38.2667,141.9667,58.41,71,100,12.88
382,hokitika,PF,1612650410,-22.4333,-151.3333,81.25,72,2,10.8
383,hokitika,HK,1612650167,22.2855,114.1577,64.99,64,0,5.03
384,hokitika,RU,1612650411,66.0,111.5,-32.78,81,4,6.96
385,hokitika,AU,1612650412,-21.15,149.2,80.6,83,100,5.75
386,hokitika,PG,1612650412,-6.2167,155.6333,83.44,71,46,7.85
387,hokitika,BO,1612650412,-22.0866,-65.5942,60.78,55,75,15.93
388,hokitika,PE,1612650413,-6.379,-78.8157,60.62,83,100,4.07
389,hokitika,ES,1612650413,43.4439,-3.4576,46.99,87,75,8.05
390,hokitika,US,1612650413,41.2835,-70.0995,39.2,65,1,20.71
391,hokitika,LY,1612650414,31.2089,16.5887,67.26,35,32,14.29
392,hokitika,ID,1612650414,-9.1061,124.8925,74.07,90,94,0.81
393,hokitika,VU,1612650414,-19.55,169.2667,84.2,74,20,5.75
394,hokitika,NA,1612650415,-22.116,14.2845,64.99,89,23,1.99
395,hokitika,US,1612650415,42.2506,-75.833,28.4,31,1,11.5
396,hokitika,US,1612650415,40.973,-117.7357,53.6,26,1,8.05
397,hokitika,US,1612650415,21.3469,-158.0858,77.0,50,40,12.66
398,hokitika,NO,1612650416,69.4719,25.5112,24.8,80,90,19.57
399,hokitika,US,1612650416,64.5011,-165.4064,17.6,86,90,6.91
400,hokitika,TH,1612650416,12.2167,99.75,67.55,80,44,1.88
401,hokitika,NZ,1612650417,-41.4122,175.5153,66.99,59,96,2.3
402,hokitika,CV,1612650417,17.1503,-25.0201,69.8,60,75,23.02
403,hokitika,CA,1612650418,51.23,-101.3565,-23.37,85,69,12.44
404,hokitika,PG,1612650298,-6.1219,141.2906,75.96,95,98,2.26
405,hokitika,LY,1612650418,32.767,22.6367,63.54,48,100,10.76
406,hokitika,RU,1612650418,71.9167,114.0833,-36.92,80,92,6.69
407,hokitika,US,1612650419,41.3712,-73.414,42.8,28,1,11.5
408,hokitika,UA,1612650419,45.9919,29.4182,31.17,97,100,12.84
409,hokitika,RU,1612650419,57.2161,42.3348,-3.62,90,100,9.46
410,hokitika,RU,1612650178,61.95,159.2333,13.5,88,96,18.14
411,hokitika,IS,1612650420,64.2539,-15.2082,34.47,87,98,17.09
412,hokitika,OM,1612650176,22.5667,59.5289,63.37,62,0,7.14
413,hokitika,SV,1612650406,13.5928,-89.8275,87.8,42,20,2.3
414,hokitika,CA,1612650420,54.7682,-101.865,-22.0,57,40,8.05
415,hokitika,RU,1612650421,50.6977,103.4656,-9.36,85,84,2.98
416,hokitika,VU,1612650421,-13.8833,167.55,82.4,94,40,5.39
417,hokitika,NO,1612650422,68.5646,14.9108,30.99,90,59,14.14
418,hokitika,ES,1612650422,43.2686,-7.5406,39.99,100,93,1.01
419,hokitika,LK,1612650422,6.1241,81.1185,76.53,82,98,15.64
420,hokitika,TH,1612650422,8.4509,98.5298,73.4,94,20,2.3
421,hokitika,FO,1612650423,62.1564,-7.1664,33.8,60,75,21.85
422,hokitika,KE,1612650423,-4.6476,39.3817,78.76,84,77,5.84
423,hokitika,RO,1612650383,45.8667,25.7833,46.0,79,83,2.59
424,hokitika,RU,1612650424,55.3571,78.357,29.41,97,98,18.52
425,hokitika,IN,1612650424,19.35,83.7833,59.65,70,1,2.84
426,hokitika,US,1612650177,39.9523,-75.1638,44.6,42,75,11.5
427,hokitika,MV,1612650425,0.5333,72.9333,81.05,76,3,12.91
428,hokitika,RU,1612650425,69.3,139.9,-35.01,85,2,1.07
429,hokitika,IL,1612650425,31.61,34.7642,57.0,100,1,2.17
430,hokitika,AR,1612650367,-51.6226,-69.2181,64.4,27,20,16.11
431,hokitika,US,1612650228,39.1834,-84.5333,37.4,32,40,1.05
432,hokitika,AU,1612650426,-20.3167,118.5667,75.2,88,0,6.91
433,hokitika,BD,1612650426,23.4095,89.1402,61.25,72,72,7.61
434,hokitika,GN,1612650427,9.2667,-9.0167,76.5,22,89,1.34
435,hokitika,IT,1612650427,44.333,7.4858,45.0,89,100,1.3
436,hokitika,MN,1612650427,49.9811,92.0667,-8.73,89,34,1.61
437,hokitika,ZA,1612650427,-34.0226,20.4417,69.8,73,99,6.91
438,hokitika,MX,1612650428,19.3333,-96.6667,86.0,58,20,5.75
439,hokitika,CA,1612650428,43.7501,-81.7165,21.2,63,100,17.27
440,hokitika,LY,1612650428,32.6167,14.0,69.31,26,85,19.35
441,hokitika,PT,1612650428,33.072,-16.3415,59.0,58,20,18.41
442,hokitika,RU,1612650429,51.4,128.1333,-22.31,84,3,7.0
443,hokitika,US,1612650394,40.3084,-88.1559,19.99,68,90,5.75
444,hokitika,NO,1612650429,71.0357,27.8492,26.02,93,100,20.29
445,hokitika,RU,1612650429,63.05,179.3167,-7.47,89,48,10.51
446,hokitika,MG,1612650429,-14.9003,50.2788,75.2,86,99,3.69
447,hokitika,ZM,1612650430,-10.3845,28.698,68.76,93,100,3.22
448,hokitika,MX,1612650372,27.9769,-114.0611,72.54,37,0,9.6
449,hokitika,AU,1612650430,-28.7667,114.6,68.0,94,75,20.71
450,hokitika,CN,1612650430,36.6167,101.7667,20.16,66,100,2.24
451,hokitika,PH,1612650431,13.7796,124.39,78.51,85,52,10.89
452,hokitika,GA,1612650431,-0.1783,10.7649,75.94,92,100,2.35
453,hokitika,TR,1612650431,40.9086,37.6845,46.4,76,0,8.66
454,hokitika,GN,1612650431,10.3854,-9.3057,80.92,16,64,3.65
455,hokitika,MM,1612650432,25.3833,97.4,55.78,63,0,3.13
456,hokitika,RU,1612650432,62.7191,32.727,15.67,96,98,10.2
457,hokitika,CA,1612650310,50.2001,-66.3821,30.2,93,100,9.22
458,hokitika,RU,1612650433,66.7697,123.3711,-40.85,80,95,11.23
459,hokitika,RU,1612650433,61.3833,152.75,-14.64,86,100,2.89
460,hokitika,AF,1612650433,32.5,62.5,46.99,45,39,2.06
461,hokitika,RU,1612650433,54.1667,93.3,13.59,98,99,3.71
462,hokitika,SL,1612650434,9.4,-12.6667,76.44,74,74,7.85
463,hokitika,OM,1612650434,17.0151,54.0924,73.4,73,75,8.05
464,hokitika,RU,1612650434,51.0736,132.5642,-13.79,89,100,0.25
465,hokitika,IN,1612650434,27.5833,91.8667,27.77,89,30,4.47
466,hokitika,RU,1612650435,51.1333,90.6,1.62,90,67,0.49
467,hokitika,CO,1612650435,2.2556,-77.2488,71.89,76,100,1.63
468,hokitika,NO,1612650435,67.667,12.6934,35.04,81,68,22.91
469,hokitika,CA,1612650435,50.6336,-96.9907,-14.8,53,100,10.36
470,hokitika,PK,1612650436,24.1447,67.4497,65.14,42,0,7.87
471,hokitika,TZ,1612650436,-10.2667,40.1833,78.8,94,40,9.22
472,hokitika,IN,1612650436,14.9167,78.0167,67.14,63,20,2.98
473,hokitika,CO,1612650436,3.8653,-67.9239,80.46,90,100,1.23
474,hokitika,LV,1612650437,57.2622,24.4147,8.6,92,90,2.3
475,hokitika,BR,1612650437,-1.5233,-52.5817,86.07,56,40,5.01
476,hokitika,RU,1612650437,66.3167,-179.1667,-6.79,77,7,7.9
477,hokitika,CL,1612650177,-25.4,-70.4833,68.36,63,22,6.22
478,hokitika,US,1612650145,37.7799,-121.978,68.0,21,1,13.8
479,hokitika,AU,1612650438,-41.45,147.1667,64.99,77,40,2.3
480,hokitika,US,1612650439,40.8021,-124.1637,57.0,74,0,8.01
481,hokitika,MX,1612650439,18.6167,-95.6667,82.62,73,20,10.25
482,hokitika,SA,1612650439,18.2164,42.5053,50.0,81,0,4.12
483,hokitika,RU,1612650192,69.1989,33.4478,24.8,86,75,8.95
484,hokitika,PH,1612650440,17.4189,121.4443,69.01,91,42,0.85
485,hokitika,ZM,1612650440,-14.0678,32.4392,66.83,97,100,2.21
486,hokitika,MM,1612650440,20.7833,97.0333,56.53,66,99,1.97
487,hokitika,RE,1612650440,-21.3393,55.4781,78.8,83,40,4.61
488,hokitika,VN,1612650441,10.9333,108.1,71.67,80,43,5.55
489,hokitika,IS,1612650441,64.8945,-23.7142,34.65,81,64,15.61
490,hokitika,BG,1612650441,43.65,25.1167,41.0,95,100,4.0
491,hokitika,JP,1612650442,42.9744,140.5089,26.64,90,100,6.93
492,hokitika,MX,1612650442,23.1667,-97.95,81.0,56,0,5.99
493,hokitika,NA,1612650442,-20.4637,16.6477,73.4,44,77,11.59
494,hokitika,CN,1612650237,38.4953,102.1739,27.25,69,0,1.32
495,hokitika,GB,1612650443,51.3813,1.3862,39.99,88,100,7.0
496,hokitika,UG,1612650443,0.6422,33.1744,69.08,78,71,2.48
497,hokitika,SA,1612650292,24.6877,46.7219,59.0,67,0,8.05
498,hokitika,IT,1612650444,45.1667,10.7833,48.99,95,100,5.99
499,hokitika,IN,1612650444,19.8,85.85,64.4,88,19,1.14
500,hokitika,IN,1612650445,25.5198,90.2201,56.01,70,100,1.61
501,hokitika,IS,1612650445,66.0449,-17.3389,33.8,64,75,8.05
502,hokitika,RU,1612650445,68.0531,39.5131,9.57,91,100,9.48
503,hokitika,NG,1612650446,7.3833,8.5667,81.57,16,0,3.27
504,hokitika,VN,1612650270,11.9465,108.4419,55.96,99,81,2.51
505,hokitika,JP,1612650447,35.3667,132.7667,50.0,81,75,3.44
506,hokitika,RU,1612650447,56.45,138.1667,-4.86,89,100,16.33
507,hokitika,US,1612650447,37.6775,-113.0619,51.8,11,1,4.61
508,hokitika,GB,1612650447,54.2797,-0.4044,37.0,90,100,8.99
509,hokitika,GL,1612650448,60.9167,-46.05,20.08,78,21,4.16
510,hokitika,UZ,1612650448,40.4272,71.7189,42.8,49,100,4.61
511,hokitika,ID,1612650448,-7.95,110.2833,75.54,87,76,5.26
512,hokitika,TD,1612650449,9.3627,17.366,73.81,20,0,4.36
513,hokitika,RU,1612650449,68.005,35.0117,15.89,94,100,7.9
514,hokitika,US,1612650449,45.5234,-122.6762,46.4,87,90,19.57
515,hokitika,ID,1612650450,-2.5833,115.3833,74.12,93,100,0.96
516,hokitika,MX,1612650450,22.85,-105.8,73.4,60,1,9.22
517,hokitika,CA,1612650450,46.1834,-82.9582,21.2,79,90,17.27
518,hokitika,NA,1612650451,-26.6481,15.1594,71.04,55,0,22.62
519,hokitika,US,1612650404,44.6714,-103.8522,10.0,78,1,8.05
520,hokitika,CN,1612650451,39.7008,122.9911,28.99,47,78,5.01
521,hokitika,CA,1612650452,58.8053,-122.7002,-16.6,69,1,3.44
522,hokitika,BR,1612650452,-17.7125,-39.2481,77.4,89,100,8.95
523,hokitika,SO,1612650453,7.9803,49.8164,74.98,80,13,11.77
524,hokitika,ES,1612650453,42.7762,-9.0603,41.0,92,50,1.99
525,hokitika,BR,1612650453,-10.4056,-36.4344,79.92,80,7,16.98
526,hokitika,AU,1612650454,-37.05,142.7667,59.23,67,46,11.97
527,hokitika,ID,1612650454,0.7,108.9,76.23,90,100,4.56
528,hokitika,MN,1612650454,48.0056,91.6419,7.54,91,38,1.3
529,hokitika,NG,1612650454,11.7091,11.0694,68.72,23,100,9.69
530,hokitika,KP,1612650455,39.6178,125.6647,24.55,92,61,6.55
531,hokitika,TZ,1612650455,-7.9139,39.6668,81.28,78,73,11.9
532,hokitika,US,1612650455,47.9417,-97.4337,-9.0,54,1,14.97
533,hokitika,JP,1612650455,26.1842,127.7558,66.2,82,20,4.61
534,hokitika,US,1612650456,28.017,-97.5169,75.2,60,20,11.5
535,hokitika,NO,1612650456,63.7256,8.834,23.0,80,40,11.5
536,hokitika,US,1612650457,38.421,-121.4238,64.0,48,1,4.61
537,hokitika,CD,1612650457,3.8146,23.6866,72.54,26,0,2.8
538,hokitika,NO,1612650457,59.5714,7.9877,12.0,75,0,1.01
539,hokitika,AR,1612650458,-38.5473,-58.7368,68.0,63,0,16.8
540,hokitika,AU,1612650255,-35.5667,138.6167,62.01,99,62,1.01
541,hokitika,AR,1612650459,-43.3002,-65.1023,60.69,67,98,26.51
542,hokitika,MX,1612650460,16.2833,-97.8167,84.58,48,32,7.54
543,hokitika,US,1612650372,47.674,-122.1215,48.99,75,90,3.18
544,hokitika,RU,1612650460,59.5833,151.2833,8.24,89,100,11.25
545,hokitika,US,1612650233,42.2068,-121.7372,51.8,30,1,6.91
546,hokitika,LR,1612650461,5.8808,-10.0467,78.6,88,98,6.13
547,hokitika,AU,1612650462,-35.3,148.2167,66.2,72,0,1.14
548,hokitika,MY,1612650463,2.1006,102.7994,75.2,88,20,6.91
549,hokitika,EG,1612650463,31.4165,31.8133,60.8,82,0,8.05
550,hokitika,IN,1612650463,11.6667,92.75,77.76,77,13,8.68
551,hokitika,NE,1612650464,18.6853,12.9164,64.4,25,89,6.31
552,hokitika,EC,1612650464,-0.9,-89.6,82.4,89,40,12.66
553,hokitika,IN,1612650465,33.4167,75.2,28.42,81,0,6.89
554,hokitika,GA,1612650465,-1.5746,9.2618,79.52,84,100,4.21
555,hokitika,RU,1612650465,69.4058,86.1778,-32.75,81,0,9.6
556,hokitika,IR,1612650465,30.2832,57.0788,39.2,20,0,4.61
557,hokitika,RU,1612650466,53.9353,139.9242,-7.26,92,100,7.11
558,hokitika,TH,1612650466,7.9178,98.3332,73.4,94,20,2.3
559,hokitika,US,1612650467,38.0293,-78.4767,48.0,34,1,1.92
560,hokitika,RU,1612650467,61.9449,76.6625,34.39,99,100,9.51
561,hokitika,RO,1612650467,46.4333,26.4,28.0,73,100,3.47
562,hokitika,NZ,1612650468,-42.7167,170.9667,64.47,73,4,3.42
